cities,latitude,longitude,temperature,humidity,pressure,wind_speed,cloudiness
sirnak,37.52,42.46,48.09,50,1013,6.02,100
bundaberg,-24.85,152.35,66.31,48,1021,9.17,90
atuona,-9.8,-139.03,82.04,73,1010,17.4,13
port elizabeth,-33.92,25.57,59.0,100,1025,4.7,90
qaanaaq,77.48,-69.36,20.88,88,997,2.82,97
oktyabrskiy,54.48,53.47,39.49,69,1024,2.51,0
kodiak,57.79,-152.41,57.2,28,1003,16.11,1
khatanga,71.97,102.5,11.71,95,1017,6.98,99
taltal,-25.4,-70.48,59.61,76,1015,2.28,22
cape town,-33.93,18.42,54.61,87,1021,2.24,85
fort smith,35.39,-94.4,78.28,74,1012,5.82,90
bambous virieux,-20.34,57.76,76.53,88,1017,6.93,40
warrnambool,-38.38,142.48,52.0,96,1027,1.72,100
rikitea,-23.12,-134.97,74.03,74,1016,14.56,99
vostok,46.49,135.88,36.84,79,1004,0.56,100
clyde river,70.47,-68.59,14.0,72,1004,9.17,1
busselton,-33.65,115.33,66.18,78,1005,17.96,81
mackay,-21.15,149.2,70.68,43,1020,12.75,5
hilo,19.73,-155.09,76.37,58,1021,12.75,20
port alfred,-33.59,26.89,59.0,98,1024,4.0,100
vaini,-21.2,-175.2,80.6,78,1015,6.93,40
pasan,22.85,82.2,76.95,36,1007,3.38,0
bredasdorp,-34.53,20.04,55.4,93,1023,1.12,78
albany,42.6,-73.97,69.98,33,1002,4.94,40
east london,-33.02,27.91,65.75,74,1024,10.98,95
erenhot,43.65,111.98,56.86,24,1016,7.29,0
tasiilaq,65.61,-37.64,30.2,92,1005,27.51,100
butaritari,3.07,172.79,82.22,81,1010,9.08,100
kota kinabalu,5.97,116.07,78.71,88,1011,5.82,20
broken hill,-31.95,141.43,48.2,76,1029,9.17,0
nikolskoye,59.7,30.79,41.85,81,1011,2.26,20
hermanus,-34.42,19.23,55.99,81,1020,11.07,89
hay river,60.82,-115.8,46.4,65,1016,12.75,40
torbay,47.67,-52.73,35.65,100,998,10.29,90
altamira,-3.2,-52.21,75.43,94,1011,2.08,100
san cristobal,7.77,-72.22,69.4,69,1012,3.74,71
alofi,-19.06,-169.92,82.4,78,1013,5.82,2
acapulco,16.86,-99.89,82.4,78,1009,6.93,5
puerto ayora,-0.74,-90.35,80.26,69,1008,17.22,20
tuktoyaktuk,69.45,-133.04,14.0,78,1028,9.17,90
hobart,-42.88,147.33,56.3,71,1024,4.7,40
kupang,-10.17,123.58,80.6,78,1013,11.41,20
dongsheng,39.82,109.98,54.59,25,1013,13.33,100
saint-philippe,-21.36,55.77,71.01,78,1016,5.82,20
bonthe,7.53,-12.51,81.23,84,1011,5.57,100
hasaki,35.73,140.83,63.88,93,1011,3.36,75
chuy,-33.7,-53.46,56.8,81,1018,6.78,35
chapais,49.78,-74.85,37.4,93,1003,9.17,90
mar del plata,-38.0,-57.56,58.08,93,1015,10.29,90
ancud,-41.87,-73.82,52.38,100,1012,5.82,75
yaan,7.38,8.57,80.42,76,1010,6.98,98
bluff,-46.6,168.33,48.87,86,996,16.87,98
lebu,-37.62,-73.65,54.95,82,1019,3.67,100
ushuaia,-54.8,-68.3,39.2,69,1010,8.05,40
aksarka,66.56,67.8,11.34,93,1021,6.46,20
mataura,-46.19,168.86,47.89,92,995,8.59,95
kapaa,22.08,-159.32,79.12,65,1023,18.34,75
tual,-5.67,132.75,84.34,78,1010,12.48,80
georgiyevka,43.04,74.71,53.6,87,1015,8.95,33
maryborough,-25.53,152.7,66.0,51,1019,8.01,92
punta arenas,-53.15,-70.92,41.0,93,1009,4.7,98
lahaina,20.88,-156.68,77.83,54,1020,28.86,40
barsovo,61.17,73.17,33.8,86,1013,11.18,97
santa rosa,14.31,121.11,87.06,74,1010,5.82,75
lokomotivnyy,53.01,60.57,39.27,62,1025,4.99,14
arraial do cabo,-22.97,-42.03,71.62,71,1019,13.15,2
sola,-13.88,167.55,80.71,80,1012,5.64,100
chalan,9.55,-75.31,78.89,83,1007,4.9,94
ust-katav,54.94,58.17,34.59,75,1026,1.86,6
borgarnes,64.54,-21.92,37.29,56,1022,8.05,75
talnakh,69.49,88.4,15.8,92,1007,20.13,99
betare oya,5.6,14.08,70.39,75,1012,2.08,85
praia da vitoria,38.73,-27.07,57.2,87,999,23.58,40
byron bay,-28.65,153.62,64.13,48,1023,11.41,39
manokwari,-0.87,134.08,82.92,76,1012,2.75,84
salaya,22.32,69.6,80.49,83,1007,11.79,0
toila,59.42,27.5,44.15,89,1011,5.08,79
saint george,37.1,-113.58,84.69,10,1011,19.46,1
stornoway,58.21,-6.39,43.93,81,1022,5.82,0
korla,41.76,86.15,66.0,39,989,1.99,98
grand gaube,-20.01,57.66,78.01,77,1017,5.99,63
castro,-24.79,-50.01,53.87,65,1019,5.21,2
richards bay,-28.78,32.04,68.81,86,1021,10.78,85
bubaque,11.28,-15.83,78.3,72,1012,14.58,19
chengde,40.97,117.94,53.31,46,1018,2.68,100
barrow,71.29,-156.79,10.4,85,1025,9.17,1
nouadhibou,20.93,-17.03,66.2,88,1015,17.22,28
provideniya,64.38,-173.3,37.92,70,1022,1.95,0
prince george,53.92,-122.75,51.96,37,1016,4.7,75
iqaluit,63.75,-68.51,12.2,72,1011,16.11,75
mogadishu,2.04,45.34,82.44,79,1010,13.11,100
codrington,-38.27,141.97,55.13,82,1030,3.76,100
hualmay,-11.1,-77.61,68.77,80,1015,10.04,20
puerto madryn,-42.77,-65.04,61.61,39,1008,8.28,12
mecca,21.43,39.83,77.04,23,1008,2.42,0
masty,53.41,24.54,45.25,89,1015,7.45,68
maragogi,-9.01,-35.22,78.24,82,1014,7.34,35
pundaguitan,6.37,126.17,83.44,74,1011,4.83,11
katsuura,35.13,140.3,64.31,93,1011,4.7,75
baracoa,20.35,-74.5,78.26,82,1014,7.81,16
sao filipe,14.9,-24.5,77.74,55,1014,9.08,0
sakakah,29.97,40.21,78.8,13,1013,8.05,40
asau,46.43,26.4,51.01,83,1006,1.79,100
gillette,44.29,-105.5,71.31,25,1010,4.7,20
yarim,14.3,44.38,59.85,38,1011,1.88,88
bereda,43.27,-7.54,59.68,98,1015,1.77,0
adrar,20.5,-10.07,88.81,10,1010,9.46,0
shingu,33.73,135.98,68.0,82,1007,5.82,75
isangel,-19.55,169.27,82.4,78,1013,4.45,90
wanaka,-44.7,169.15,53.24,56,994,3.18,54
saint anthony,45.02,-93.22,59.31,38,1016,13.87,1
saskylakh,71.92,114.08,14.86,95,1016,4.83,71
moerai,-22.43,-151.33,77.22,76,1016,21.74,100
severo-kurilsk,50.68,156.12,40.77,67,1015,12.33,57
ronda,36.74,-5.17,64.99,51,1016,1.99,88
vicente guerrero,19.12,-98.17,80.6,21,1022,13.87,20
wanning,18.8,110.4,80.89,82,1010,10.78,7
lavrentiya,65.58,-171.0,32.18,91,1021,0.76,0
marsh harbour,26.54,-77.06,74.66,61,1019,10.09,83
upernavik,72.79,-56.15,19.06,94,999,6.44,100
chokurdakh,70.63,147.92,11.75,94,1024,5.1,19
tanete,-3.94,119.78,79.43,85,1012,5.86,99
cherskiy,68.75,161.3,29.66,96,1018,4.29,100
airai,-8.93,125.41,64.45,57,1013,4.12,80
sayyan,15.17,44.32,60.19,37,1012,2.68,92
new norfolk,-42.78,147.06,54.36,80,1023,3.09,52
san rafael,-34.62,-68.33,60.87,42,1014,10.09,67
vila velha,-20.33,-40.29,73.2,73,1018,12.75,75
marsa matruh,31.35,27.25,64.4,77,1011,5.5,50
nyuksenitsa,60.41,44.24,44.4,90,1014,6.62,23
kaohsiung,22.62,120.31,83.26,66,1011,5.82,40
tautira,-17.73,-149.15,87.8,66,1013,5.82,86
fredericksburg,38.3,-77.46,77.07,51,1006,2.68,1
carnarvon,-24.87,113.63,57.2,100,1016,3.36,40
cabo san lucas,22.89,-109.91,88.95,24,1012,17.22,40
hobyo,5.35,48.53,84.92,72,1007,19.62,69
sulangan,11.14,123.72,83.28,82,1010,10.78,100
taipu,-5.62,-35.6,78.8,88,1013,4.7,40
rock sound,24.9,-76.2,75.56,67,1018,14.14,77
tilichiki,60.47,166.1,28.22,94,1017,7.85,98
olafsvik,64.89,-23.71,39.83,83,1018,18.37,100
tessalit,20.2,1.01,80.55,13,1007,4.23,0
taoudenni,22.68,-3.98,90.48,12,1008,11.68,0
senno,59.53,33.92,42.6,93,1012,1.86,84
oudtshoorn,-33.59,22.2,53.6,93,1024,6.93,95
mitsamiouli,-11.38,43.28,81.75,75,1013,11.77,87
okhotsk,59.38,143.3,37.51,79,1006,15.48,100
jamestown,42.1,-79.24,62.82,36,1009,10.29,1
port hedland,-20.32,118.57,69.8,29,1017,9.17,4
korgen,66.08,13.82,35.01,92,1008,5.79,100
dehloran,32.69,47.27,77.9,18,1011,5.28,80
geraldton,-28.77,114.6,64.4,93,1015,13.87,40
poum,-20.23,164.02,77.31,84,1014,18.99,100
komsomolskiy,40.43,71.72,60.8,55,1014,9.17,0
awjilah,29.11,21.29,64.76,60,1014,8.99,0
novobirilyussy,56.95,90.67,49.17,60,1004,3.02,78
borujerd,33.9,48.75,49.32,30,1015,3.47,4
menongue,-14.66,17.69,57.47,40,1017,1.43,2
newport,51.59,-3.0,49.15,94,1014,7.45,100
pangody,65.85,74.49,15.8,96,1013,14.2,91
kalmunai,7.42,81.82,80.1,83,1008,3.96,53
mahebourg,-20.41,57.7,75.2,88,1017,6.93,40
lata,40.16,-8.33,66.99,84,1007,8.01,57
rudnyy,52.96,63.12,32.0,64,1023,6.71,0
talcahuano,-36.72,-73.12,55.4,93,1019,3.36,100
seymchan,62.88,152.43,33.22,86,1014,7.25,100
balikpapan,-1.27,116.83,80.6,94,1011,3.36,20
mujiayingzi,42.12,118.78,48.47,42,1018,4.38,35
north platte,41.12,-100.77,69.84,43,1014,12.75,40
dikson,73.51,80.55,10.22,96,1022,9.42,88
nanning,22.82,108.32,77.0,94,1009,2.24,40
araguacu,-12.93,-49.83,73.36,73,1012,3.62,75
yumen,40.28,97.2,56.46,26,1012,13.56,0
kamenka,51.32,42.77,57.99,45,1011,11.01,100
trairi,-3.28,-39.27,77.59,91,1012,6.62,100
catuday,16.29,119.81,83.93,73,1011,7.2,22
tazovskiy,67.47,78.7,17.53,96,1012,15.32,97
mabaruma,8.2,-59.78,77.43,88,1012,4.83,42
nouakchott,18.09,-15.98,68.0,82,1011,13.87,0
hambantota,6.12,81.12,80.2,83,1008,5.88,76
eureka,40.8,-124.16,58.12,71,1024,19.46,1
thompson,55.74,-97.86,41.0,30,1023,9.17,75
labuhan,-6.88,112.21,80.4,82,1011,8.21,26
ixtapa,20.7,-105.2,79.79,69,1010,13.87,75
cidreira,-30.18,-50.21,65.07,70,1019,11.01,0
vila franca do campo,37.72,-25.43,57.2,87,1002,17.22,40
kaitangata,-46.28,169.85,59.0,56,992,13.0,91
zaykovo,57.56,62.76,31.62,93,1024,4.14,26
sao joao da barra,-21.64,-41.05,68.79,78,1018,13.22,25
xinqing,48.23,129.5,46.44,40,1011,10.22,96
port said,31.26,32.28,66.2,82,1012,6.93,0
lasa,46.62,10.7,46.4,70,1019,4.7,75
santa cruz do sul,-29.72,-52.43,56.77,78,1018,4.05,3
kapuskasing,49.42,-82.43,30.2,86,1016,13.87,90
noumea,-22.28,166.46,75.6,94,1014,8.05,90
kaminskiy,57.15,41.47,51.22,89,1016,9.28,30
vanimo,-2.67,141.3,79.99,84,1011,6.58,99
imeni poliny osipenko,52.42,136.49,43.79,52,1011,4.21,31
zeya,53.75,127.27,45.0,43,1014,2.73,98
pasighat,28.07,95.33,73.04,60,1015,2.48,46
ginda,30.69,78.49,52.92,35,1015,6.46,85
nioro,13.35,-15.75,75.07,47,1010,6.49,0
salalah,17.02,54.09,84.2,89,1009,5.82,40
kristiinankaupunki,62.27,21.38,39.07,86,1008,3.65,1
port-gentil,-0.72,8.78,82.4,88,1011,4.7,75
high level,58.52,-117.14,66.2,25,1011,11.41,40
mingshui,36.72,117.5,60.03,52,1008,4.0,87
kathmandu,27.72,85.32,62.6,93,1017,2.24,75
takoradi,4.88,-1.76,80.91,85,1011,5.68,100
esperance,-33.87,121.9,59.0,41,1016,19.46,85
quelimane,-17.88,36.89,66.92,83,1017,1.92,0
pangnirtung,66.15,-65.71,10.45,91,1007,3.15,98
bom jesus,-9.07,-44.36,74.21,83,1013,2.64,82
xichang,27.9,102.26,64.83,45,1010,1.72,20
palkino,57.54,28.01,46.4,81,1011,1.59,93
cockburn town,21.46,-71.14,79.74,77,1015,13.6,0
narsaq,60.92,-46.05,32.0,92,1001,4.7,100
oliveira,-20.7,-44.83,58.84,70,1018,6.49,4
college,64.86,-147.8,48.18,25,1012,17.22,20
pandamatenga,-18.53,25.63,65.39,34,1017,3.65,37
vao,-22.67,167.48,74.5,85,1014,17.76,79
georgetown,5.41,100.34,78.4,94,1008,2.24,20
kaeo,-35.1,173.78,68.0,67,1005,11.99,2
ponta delgada,37.73,-25.67,57.2,87,1002,17.22,40
nome,64.5,-165.41,44.46,28,1016,8.05,1
alta floresta,-9.88,-56.09,73.4,81,1011,1.57,28
kieta,-6.22,155.63,85.24,67,1011,3.96,74
unai,-16.36,-46.91,67.59,57,1016,1.86,34
muroto,33.28,134.15,68.0,88,1007,2.24,75
nioki,-2.72,17.68,74.23,73,1010,1.68,0
chernyshevskiy,63.01,112.47,36.34,66,1018,3.4,37
tuatapere,-46.13,167.68,46.78,87,998,12.84,100
nanortalik,60.14,-45.24,38.64,93,1001,19.1,100
hofn,64.25,-15.21,41.76,65,1022,6.15,100
yazd,31.9,54.37,68.0,19,1017,6.93,0
pevek,69.7,170.31,24.28,91,1018,13.24,20
varhaug,58.61,5.65,40.19,70,1017,11.41,20
yellowknife,62.46,-114.35,46.2,61,1018,2.24,75
ossora,59.24,163.07,32.34,98,1012,13.89,100
hamilton,39.18,-84.53,64.04,93,1010,3.36,90
atmakur,15.88,78.58,81.88,54,1007,2.24,54
marzuq,14.4,46.47,79.27,40,1009,4.27,62
hithadhoo,-0.6,73.08,84.79,74,1008,22.39,99
rocha,-34.48,-54.33,52.18,89,1017,4.65,70
norman wells,65.28,-126.83,32.0,92,1025,13.87,75
avarua,-21.21,-159.78,80.6,74,1012,8.05,25
kholodnyy,62.72,147.95,27.66,79,1013,17.94,100
guerrero negro,27.98,-114.06,69.08,63,1013,22.53,0
praya,14.92,-23.51,73.4,73,1015,14.99,0
palu,-0.89,119.87,82.58,69,1012,1.32,95
dawei,14.08,98.2,80.89,76,1010,2.73,100
rawson,-43.3,-65.1,60.49,41,1007,8.37,4
halmstad,56.67,12.86,42.75,81,1013,10.29,3
berlevag,70.86,29.09,33.8,94,1004,2.24,75
poim,53.03,43.19,50.04,67,1018,10.04,93
banyo,6.75,11.82,66.94,61,1013,1.74,72
tiksi,71.69,128.87,20.95,93,1017,8.25,91
isoka,-10.16,32.63,59.2,66,1017,0.96,75
mulanje,-16.03,35.5,61.63,71,1018,3.47,0
bandarbeyla,9.49,50.81,83.7,79,1008,8.97,76
husavik,66.04,-17.34,42.8,45,1019,10.29,100
constitucion,-35.33,-72.42,57.56,72,1019,8.93,100
kargasok,59.06,80.86,35.82,89,1009,10.6,33
maniitsoq,65.42,-52.9,32.32,96,999,12.39,100
pisco,-13.7,-76.22,68.0,77,1012,17.22,1
longyearbyen,78.22,15.64,15.8,72,1013,3.74,40
maine-soroa,13.21,12.02,81.52,44,1008,5.95,39
lagunillas,10.13,-71.26,82.99,77,1010,5.77,15
tecoanapa,16.52,-98.75,84.51,58,1009,10.27,0
thohoyandou,-22.95,30.48,62.65,39,1018,3.91,0
florianopolis,-27.61,-48.5,66.07,72,1019,3.36,40
touros,-5.2,-35.46,78.8,88,1013,4.7,40
waddan,29.16,16.14,66.56,41,1017,7.02,0
klaksvik,62.23,-6.59,37.4,71,1024,8.05,75
kununurra,-15.77,128.73,77.0,22,1017,17.22,78
mulbagal,13.17,78.4,76.62,56,1009,5.91,80
arlit,18.74,7.39,86.43,18,1009,7.18,29
flinders,-34.58,150.86,60.58,56,1021,7.0,0
starosubkhangulovo,53.1,57.44,38.07,67,1025,1.88,0
tobol,52.68,62.58,41.05,62,1024,5.84,0
kahului,20.89,-156.47,77.23,54,1020,28.86,40
ust-maya,60.42,134.53,33.8,77,1014,7.25,100
andenes,69.31,16.12,39.2,86,1005,4.7,100
havre-saint-pierre,50.23,-63.6,46.4,52,1007,5.03,7
sitka,57.05,-135.33,48.2,81,1008,14.99,90
mandalgovi,45.76,106.27,55.13,19,1013,10.85,33
ormara,25.21,64.64,81.72,81,1007,13.51,0
usinsk,65.99,57.53,24.85,96,1022,6.64,92
parana,-31.73,-60.52,65.28,85,1009,3.98,99
luwingu,-10.26,29.93,59.95,64,1017,4.0,32
nemuro,43.32,145.57,55.4,76,1007,8.05,75
monster,52.03,4.17,52.0,91,1016,3.0,99
mayskiy,47.69,40.1,59.0,87,1008,11.18,20
ponta do sol,32.67,-17.1,60.93,68,1010,16.11,40
springdale,36.19,-94.13,68.81,100,1014,3.87,90
delta del tigre,-34.76,-56.39,59.16,63,1016,3.36,70
farafangana,-22.82,47.83,71.49,90,1017,8.03,22
novo aripuana,-5.12,-60.38,76.5,95,1010,1.01,77
karratha,-20.74,116.85,75.13,46,1017,14.94,0
mazagao,-0.12,-51.29,80.6,100,1011,5.82,75
saldanha,-33.01,17.94,59.18,82,1021,4.99,38
victoria,22.29,114.16,78.71,74,1010,5.99,13
faanui,-16.48,-151.75,82.54,76,1012,13.44,0
kidal,18.44,1.41,82.02,12,1007,3.4,0
kuliyapitiya,7.47,80.04,76.68,92,1008,2.17,66
burnie,-41.07,145.92,60.01,60,1026,5.01,50
kargopol,61.51,38.95,46.4,94,1010,4.29,98
jiwani,25.05,61.74,83.84,71,1007,10.16,0
kjopsvik,68.1,16.37,39.61,86,1005,11.41,100
lebane,42.92,21.74,45.63,62,1013,3.36,55
guliston,40.49,68.78,64.74,49,1013,3.76,0
inta,66.03,60.17,25.38,96,1022,4.07,100
chuzhou,32.32,118.3,79.83,65,1008,2.44,0
palora,-1.7,-77.93,68.0,94,1016,2.24,90
portland,45.52,-122.68,57.06,58,1026,10.29,40
ribeira grande,38.52,-28.7,60.3,77,1000,27.74,98
armizonskoye,55.95,67.67,35.83,79,1021,9.06,25
rio grande,-32.03,-52.1,59.0,88,1017,11.34,8
peace river,56.25,-117.29,64.4,34,1007,12.75,75
christchurch,-43.53,172.63,63.97,55,992,5.82,100
yibin,28.77,104.62,76.73,67,1003,0.74,89
port blair,11.67,92.75,83.41,76,1009,6.64,47
atar,20.52,-13.05,85.19,11,1010,5.55,0
ingham,42.6,-84.38,63.63,29,1010,11.41,1
pontianak,-0.03,109.33,78.8,94,1010,2.95,40
castel san pietro terme,44.4,11.58,50.16,76,1018,4.7,0
los llanos de aridane,28.66,-17.92,65.8,40,1015,17.22,36
port hawkesbury,45.62,-61.35,40.44,65,1010,4.7,1
aklavik,68.22,-135.01,21.2,62,1028,6.93,20
jerantut,3.94,102.36,76.44,91,1010,0.22,78
iberia,29.95,-91.75,80.4,69,1016,10.29,75
blagoveshchenka,52.83,79.87,49.73,85,1004,16.13,99
kruisfontein,-34.0,24.73,57.31,88,1024,12.19,100
fort nelson,58.81,-122.7,68.0,30,1008,10.29,75
monroe,43.15,-77.68,58.24,51,1007,9.13,45
samarai,-10.62,150.67,81.59,83,1012,15.41,99
nakatunguru,-2.12,33.07,68.0,94,1016,2.24,20
nova olimpia,-14.8,-57.29,74.41,68,1012,2.46,88
upington,-28.45,21.26,51.8,37,1021,1.12,0
limoux,42.92,2.17,56.03,87,1017,2.24,85
westport,41.14,-73.36,68.81,60,1003,14.99,1
souillac,-20.52,57.52,75.2,88,1017,6.93,40
timizart,36.8,4.27,65.59,45,1018,6.64,35
bilibino,68.05,166.44,24.69,85,1018,2.39,2
honiara,-9.43,159.95,80.6,94,1011,2.24,75
ilulissat,69.22,-51.1,30.2,86,998,3.36,100
batemans bay,-35.72,150.18,63.0,49,1025,3.58,0
vilhena,-12.74,-60.15,73.4,88,1014,3.36,74
fairbanks,64.84,-147.72,48.58,25,1012,14.99,1
gundorovskiy,46.78,41.9,55.99,88,1009,9.19,61
raudeberg,61.99,5.14,36.0,90,1018,14.52,40
mount gambier,-37.83,140.77,50.0,93,1030,5.82,90
half moon bay,37.46,-122.43,61.77,71,1023,14.99,1
havelock,34.88,-76.9,71.37,64,1011,10.0,5
pierre,44.37,-100.35,72.63,33,1012,18.34,1
luderitz,-26.65,15.16,64.24,68,1017,16.49,0
grindavik,63.84,-22.43,41.0,75,1021,11.41,75
slavutych,51.52,30.73,51.67,89,1009,4.07,67
mountain home,43.13,-115.69,62.6,17,1019,17.22,1
middleton,53.55,-2.2,49.87,86,1018,3.22,89
sale,34.04,-6.82,73.24,49,1011,4.7,70
nago,26.59,127.98,77.0,94,1011,9.17,90
novyy urengoy,66.08,76.63,17.51,96,1011,14.23,98
broome,42.25,-75.83,66.36,30,1005,16.11,1
mount isa,-20.73,139.5,68.0,32,1021,13.87,41
vardo,70.37,31.11,33.8,95,1004,2.24,75
eydhafushi,5.1,73.07,84.94,76,1009,14.18,99
san patricio,19.22,-104.7,80.6,83,1008,13.87,20
rangapara,26.82,92.65,73.9,70,1012,2.66,4
soe,-9.86,124.28,70.88,65,1013,5.21,85
colares,38.8,-9.45,65.01,69,1012,3.0,36
huaraz,-9.53,-77.53,54.21,29,1017,3.02,96
san quintin,30.48,-115.95,68.54,67,1014,19.01,0
vestmannaeyjar,63.44,-20.27,41.85,65,1023,9.51,100
namibe,-15.2,12.15,77.43,58,1011,2.66,0
frontignan,43.45,3.75,60.3,82,1016,3.36,88
crotone,39.09,17.12,59.95,74,1014,21.97,81
roebourne,-20.78,117.13,74.8,35,1017,14.97,0
karachi,24.91,67.08,82.4,83,1005,11.41,20
ruangwa,-10.07,38.93,66.94,82,1014,2.53,0
olinda,-8.01,-34.86,82.4,78,1013,8.05,40
perbaungan,3.57,98.96,77.0,100,1008,4.7,40
naze,28.37,129.48,77.04,83,1009,10.29,75
cozumel,20.51,-86.95,84.25,66,1013,11.41,75
leningradskiy,69.38,178.42,30.92,88,1019,1.41,0
lagunas,-5.23,-75.68,75.43,90,1011,0.94,98
itarema,-2.92,-39.92,78.82,86,1012,9.91,82
beloha,-25.17,45.05,63.75,89,1018,3.49,0
mulki,13.1,74.8,82.31,86,1009,3.56,77
otjimbingwe,-22.35,16.13,65.08,23,1017,2.04,0
salinas,36.68,-121.66,61.74,45,1021,12.75,1
fuxin,42.02,121.66,50.85,42,1018,8.41,36
wasilla,61.58,-149.44,61.32,23,1003,13.87,1
northam,51.03,-4.22,48.33,99,1018,3.96,84
sijunjung,-0.69,100.95,72.72,82,1010,1.05,56
genhe,50.78,121.52,42.89,56,1010,3.89,95
khomutovo,52.47,104.4,41.0,93,1015,4.47,2
comodoro rivadavia,-45.87,-67.5,59.0,54,1006,6.93,75
puerto escondido,15.85,-97.07,84.2,74,1009,9.17,5
chokwe,-24.53,32.98,65.82,78,1019,2.15,0
jizan,17.33,42.67,87.8,66,1008,5.17,78
laguna,38.42,-121.42,77.65,19,1019,4.7,1
kavieng,-2.57,150.8,83.98,82,1010,14.88,69
singapore,1.29,103.85,82.2,83,1009,4.7,75
necochea,-38.55,-58.74,57.0,87,1003,11.01,75
namatanai,-3.67,152.43,83.84,77,1011,8.21,38
karpathos,35.51,27.21,62.6,88,1008,8.05,50
santiago del estero,-27.8,-64.26,68.29,72,1011,5.48,100
chara,56.91,118.26,38.59,50,1014,2.73,100
urdoma,61.75,48.54,38.7,89,1017,7.43,71
litovko,49.24,135.17,47.39,46,1006,15.1,100
soma,39.19,27.61,55.4,93,1007,3.36,75
locri,38.24,16.26,64.72,87,1041,7.0,0
port moresby,-9.44,147.18,86.0,79,1011,5.82,40
filadelfia,39.95,-75.16,74.01,53,1005,13.87,75
lagoa,39.05,-27.98,57.69,79,998,18.21,70
watsa,3.04,29.54,65.12,75,1012,1.43,91
ukiah,39.15,-123.21,65.8,36,1021,10.29,1
razdolnoye,43.55,131.92,42.8,87,1008,8.95,75
cayenne,4.93,-52.33,77.0,100,1011,12.64,90
namie,37.48,141.0,65.39,74,1007,1.01,100
wilmington,34.23,-77.94,74.16,66,1011,10.56,0
abha,18.22,42.51,69.67,49,1024,3.33,70
papetoai,-17.5,-149.87,87.8,66,1013,5.82,96
pekan,3.48,103.4,77.0,94,1009,2.48,20
xinzhi,36.5,111.7,71.71,48,1010,6.42,41
bartica,6.4,-58.62,82.4,83,1011,6.93,75
camacha,33.08,-16.33,66.2,63,1011,11.41,40
channel-port aux basques,47.57,-59.14,34.16,89,1008,12.37,3
muros,42.78,-9.06,62.56,84,1006,5.57,0
tougue,11.47,-11.6,78.6,50,1010,4.18,3
lofthus,59.95,10.8,40.84,79,989,4.61,79
mnogovershinnyy,53.94,139.92,34.02,69,1009,7.18,0
ambulu,-8.35,113.61,78.19,83,1011,3.44,43
osinki,52.84,49.51,44.92,72,1021,7.36,16
bagotville,-28.98,153.42,63.48,48,1023,11.41,61
ishigaki,24.34,124.16,78.8,100,1010,6.93,75
gashua,12.87,11.05,83.62,36,1008,6.78,42
novominskaya,46.32,38.96,53.29,87,1007,2.55,3
shahpura,27.38,75.97,73.4,88,1008,2.24,40
kearney,40.7,-99.08,72.81,33,1014,9.17,75
baykit,61.67,96.37,41.45,81,1007,7.09,100
coos bay,43.37,-124.22,57.69,67,1026,13.87,1
faya,18.39,42.45,69.8,49,1024,2.08,61
bengkulu,-3.8,102.27,76.26,85,1010,4.07,85
zambezi,-13.54,23.1,63.23,51,1015,3.31,0
ocos,14.51,-92.19,86.16,66,1008,9.17,40
zhangye,38.93,100.45,61.21,31,1012,1.77,52
damara,4.96,18.7,82.4,69,1010,3.36,14
gizo,-8.1,156.84,85.57,69,1011,5.59,53
bria,6.54,21.99,75.06,55,1009,2.57,17
selizharovo,56.85,33.45,49.28,89,1011,3.27,91
nunoa,-14.48,-70.64,47.26,21,1019,4.92,80
bethel,41.37,-73.41,72.9,22,1004,5.82,1
talovaya,51.11,40.73,58.08,74,1012,16.2,99
lethem,3.38,-59.8,80.06,74,1010,8.55,67
wellington,-41.29,174.78,59.68,82,997,20.8,35
margate,51.38,1.39,49.66,81,1018,5.99,99
safonovo,55.15,33.22,49.57,88,1011,2.93,98
dukat,62.55,155.55,22.44,90,1015,7.81,100
jiangkou,25.49,119.2,71.6,100,1010,6.71,20
loandjili,-4.76,11.86,78.42,92,1011,1.92,92
cahuacan,19.64,-99.42,80.38,11,1025,12.75,40
guiratinga,-16.35,-53.76,70.39,60,1014,4.09,84
harper,4.38,-7.72,80.71,86,1012,5.82,100
aiken,33.58,-81.6,80.2,39,1013,9.17,1
araouane,18.9,-3.53,86.95,12,1007,7.4,0
xiuyan,40.29,123.27,48.31,60,1014,12.97,95
riohacha,11.54,-72.91,83.37,71,1009,9.64,99
barinas,8.62,-70.21,80.35,74,1010,4.52,100
feicheng,35.26,117.97,64.0,99,992,1.01,36
boende,-0.22,20.87,74.57,64,1010,2.08,65
porbandar,21.64,69.61,80.11,84,1007,11.83,0
vrsac,45.12,21.3,47.84,93,1014,1.12,75
acari,-15.43,-74.62,72.55,61,1015,3.29,46
saint-leu,-21.15,55.28,70.43,78,1016,5.82,20
santa isabel,-23.32,-46.22,59.9,82,1022,3.36,40
gat,31.61,34.76,59.59,84,1010,1.14,0
afua,-0.16,-50.39,77.13,93,1011,4.72,97
turka,49.15,23.03,44.01,86,1015,1.01,100
caravelas,-17.71,-39.25,75.07,74,1017,12.53,27
luangwa,-15.62,30.42,66.52,64,1017,2.93,0
port hardy,50.7,-127.42,53.6,58,1022,13.87,75
adeje,28.12,-16.73,65.26,77,1015,6.93,20
cheremisinovo,51.89,37.26,55.13,88,1011,9.08,93
lakeway,30.36,-97.98,89.83,48,1006,5.99,0
ngunguru,-35.62,174.5,68.0,67,1005,11.99,3
noyabrsk,63.2,75.45,26.37,95,1012,16.15,93
hervey bay,-25.3,152.85,66.0,52,1019,8.99,83
sibu,2.3,111.82,77.0,94,1010,2.24,75
meulaboh,4.14,96.13,75.56,89,1010,5.48,98
parry sound,45.35,-80.03,51.82,48,1001,1.99,19
am timan,11.03,20.28,82.2,38,1007,2.39,16
tabou,4.42,-7.35,80.82,86,1012,5.17,100
saint-pierre,-21.34,55.48,69.49,78,1016,5.82,20
churapcha,62.0,132.43,30.13,88,1014,8.93,43
biak,-0.91,122.88,79.65,76,1011,3.11,97
kyshtovka,56.55,76.63,36.12,81,1012,10.22,5
tanda,26.55,82.65,82.65,39,1005,4.12,55
gabriel leyva solano,25.67,-108.64,90.88,27,1011,12.75,40
paamiut,61.99,-49.67,32.23,98,998,7.49,100
buraydah,26.33,43.98,73.4,27,1013,8.05,17
najran,17.49,44.13,84.2,42,1016,2.24,40
soanierana ivongo,-16.92,49.58,74.41,84,1016,1.23,89
dunedin,-45.87,170.5,57.54,62,993,6.73,91
olivenza,38.68,-7.1,67.23,73,1011,3.36,100
vuktyl,63.86,57.31,26.8,96,1023,5.28,75
sawakin,19.11,37.33,75.9,39,1008,0.69,6
yeniseysk,58.45,92.17,46.9,75,1006,6.11,57
chicama,-7.84,-79.15,72.28,70,1013,7.2,35
alyangula,-13.85,136.42,82.4,51,1014,6.93,40
slantsy,59.12,28.09,45.12,87,1011,3.53,82
dargaville,-35.93,173.88,65.1,71,1005,15.28,22
barcelos,41.54,-8.62,71.56,68,1009,6.93,2
zyryanka,65.75,150.85,24.39,97,1017,19.17,100
avera,33.19,-82.53,79.0,36,1014,5.82,1
bonavista,48.65,-53.11,34.0,83,996,11.99,100
nha trang,12.25,109.18,82.4,88,1011,2.24,20
egvekinot,66.32,-179.17,22.77,94,1022,3.85,21
santa rosa del sur,7.96,-74.05,75.38,78,1009,2.19,83
lawton,34.61,-98.39,84.7,62,1010,9.17,1
havoysund,71.0,24.66,35.6,93,1002,6.93,99
banjar,-8.19,114.97,82.4,88,1011,4.7,20
badajoz,38.67,-6.17,73.0,52,1012,10.0,91
khash,28.22,61.22,69.01,30,1010,2.06,9
khandagayty,50.73,92.05,53.08,31,1007,1.68,62
inirida,3.87,-67.92,77.07,92,1010,2.82,91
hovd,48.01,91.64,56.53,20,1009,6.02,80
flin flon,54.77,-101.86,42.8,33,1021,6.93,20
ambilobe,-13.2,49.05,72.95,91,1014,2.84,95
pitimbu,-7.47,-34.81,77.0,94,1013,5.82,19
kanniyakumari,8.08,77.57,83.89,75,1008,12.66,100
riyadh,24.69,46.72,75.2,27,1015,3.36,0
antalaha,-14.9,50.28,74.25,86,1015,6.15,99
ayabaca,-4.64,-79.71,53.44,56,1012,1.12,44
north bend,43.41,-124.22,57.38,67,1026,13.87,1
banda aceh,5.56,95.32,80.35,70,1009,3.8,80
salinopolis,-0.61,-47.36,80.37,86,1011,9.01,98
teya,60.38,92.63,45.43,80,1005,5.86,100
gela,37.08,14.23,55.83,76,1013,5.48,16
kavaratti,10.57,72.64,85.46,80,1008,12.53,63
vila,42.03,-8.16,64.0,72,1009,1.99,7
grojec,51.86,20.87,42.96,93,1016,4.7,27
kem,64.96,34.58,38.73,96,1005,8.72,99
krasnoselkup,65.7,82.47,34.2,98,1005,6.04,100
nizhneivkino,58.19,49.52,43.05,73,1022,6.85,14
dandong,40.13,124.39,53.38,55,1012,18.68,93
abashiri,44.02,144.27,64.4,55,1004,12.75,100
berdigestyakh,62.1,126.7,31.71,74,1018,7.31,0
lorengau,-2.02,147.27,85.95,68,1010,3.02,66
athabasca,54.72,-113.29,63.48,39,1006,14.34,63
colotlan,22.1,-103.27,82.18,16,1010,5.01,93
naifaru,5.44,73.37,84.83,76,1009,14.09,89
puerto maldonado,-12.6,-69.18,77.11,74,1011,1.72,100
jaszbereny,47.5,19.92,45.09,70,1015,6.93,0
dingle,11.0,122.67,85.73,69,1010,5.97,100
vodnyy,63.5,53.41,29.71,95,1021,6.08,54
atambua,-9.11,124.89,77.25,65,1013,6.35,44
plastun,44.76,136.29,47.19,67,1003,3.06,63
sabha,27.04,14.43,73.31,23,1016,10.09,0
yatsushiro,32.5,130.6,66.09,100,1008,3.36,75
isiro,2.77,27.62,67.77,79,1011,1.86,98
zhigalovo,54.81,105.16,44.83,53,1018,1.86,24
koungou,-12.73,45.2,82.4,74,1013,16.11,20
saint-georges,12.06,-61.75,82.4,78,1013,11.41,20
